<?xml version="1.0" encoding="UTF-8"?>
<project-private xmlns="http://www.netbeans.org/ns/project-private/1">
    <editor-bookmarks xmlns="http://www.netbeans.org/ns/editor-bookmarks/2" lastBookmarkId="0"/>
    <open-files xmlns="http://www.netbeans.org/ns/projectui-open-files/2">
        <group>
            <file>file:/C:/Users/kauat/OneDrive/Documentos/NetBeansProjects/Lista_a3/src/DAO/TextoDAO.java</file>
            <file>file:/C:/Users/kauat/OneDrive/Documentos/NetBeansProjects/Lista_a3/src/Armazenamentoid/ArmazenarId.java</file>
            <file>file:/C:/Users/kauat/OneDrive/Documentos/NetBeansProjects/Lista_a3/src/VIEW/frmLogin.java</file>
            <file>file:/C:/Users/kauat/OneDrive/Documentos/NetBeansProjects/Lista_a3/src/VIEW/frmTela.java</file>
            <file>file:/C:/Users/kauat/OneDrive/Documentos/NetBeansProjects/Lista_a3/src/VIEW/frmCadastrar.java</file>
            <file>file:/C:/Users/kauat/OneDrive/Documentos/NetBeansProjects/Lista_a3/src/DTO/TextoDTO.java</file>
            <file>file:/C:/Users/kauat/OneDrive/Documentos/NetBeansProjects/Lista_a3/src/DTO/UsuarioDTO.java</file>
            <file>file:/C:/Users/kauat/OneDrive/Documentos/NetBeansProjects/Lista_a3/src/DAO/UsuarioDAO.java</file>
            <file>file:/C:/Users/kauat/OneDrive/Documentos/NetBeansProjects/Lista_a3/src/DAO/ConexaoDAO.java</file>
        </group>
    </open-files>
</project-private>
